"liga";"equipo";"estado";"archivo"
"Premier League";"Arsenal";"real";"logos/premier-league/arsenal.png"
"Premier League";"Aston Villa";"real";"logos/premier-league/astonvilla.png"
"Premier League";"Bournemouth";"real";"logos/premier-league/bournemouth.png"
"Premier League";"Brentford";"real";"logos/premier-league/brentford.png"
"Premier League";"Brighton";"real";"logos/premier-league/brighton.png"
"Premier League";"Burnley";"real";"logos/efl championship/burnley.png"
"Premier League";"Chelsea";"real";"logos/premier-league/chelsea.png"
"Premier League";"Crystal Palace";"real";"logos/premier-league/crystalpalace.png"
"Premier League";"Everton";"real";"logos/premier-league/everton.png"
"Premier League";"Fulham";"real";"logos/premier-league/fulham.png"
"Premier League";"Leeds United";"real";"logos/premier-league/leeds.png"
"Premier League";"Liverpool";"real";"logos/premier-league/liverpool.png"
"Premier League";"Manchester City";"real";"logos/premier-league/manchestercity.png"
"Premier League";"Manchester United";"real";"logos/premier-league/manchesterunited.png"
"Premier League";"Newcastle United";"real";"logos/premier-league/newcastle.png"
"Premier League";"Nottingham Forest";"real";"logos/premier-league/nottingham_forest.png"
"Premier League";"Sunderland";"real";"logos/premier-league/sunderland.png"
"Premier League";"Tottenham Hotspur";"real";"logos/premier-league/tottenham.png"
"Premier League";"West Ham United";"real";"logos/efl championship/westham.png"
"Premier League";"Wolverhampton";"real";"logos/efl championship/wolves.png"
"LaLiga";"Deportivo Alavés";"real";"logos/la-liga/alaves.png"
"LaLiga";"Athletic Club";"real";"logos/la-liga/athletic.png"
"LaLiga";"Atlético de Madrid";"real";"logos/la-liga/atlmadrid.png"
"LaLiga";"FC Barcelona";"real";"logos/la-liga/barcelona.png"
"LaLiga";"Celta de Vigo";"real";"logos/la-liga/celta.png"
"LaLiga";"Elche CF";"real";"logos/la-liga/elche.png"
"LaLiga";"RCD Espanyol";"real";"logos/la-liga/espanyol.png"
"LaLiga";"Getafe CF";"real";"logos/la-liga/getafe.png"
"LaLiga";"Girona FC";"real";"logos/la-liga2/girona.png"
"LaLiga";"Levante UD";"real";"logos/la-liga/levante.png"
"LaLiga";"RCD Mallorca";"real";"logos/la-liga2/mallorca.png"
"LaLiga";"CA Osasuna";"real";"logos/la-liga/osasuna.png"
"LaLiga";"Rayo Vallecano";"real";"logos/la-liga/rayovallecano.png"
"LaLiga";"Real Betis";"real";"logos/la-liga/betis.png"
"LaLiga";"Real Madrid";"real";"logos/la-liga/realmadrid.png"
"LaLiga";"Real Oviedo";"real";"logos/la-liga2/realoviedo.png"
"LaLiga";"Real Sociedad";"real";"logos/la-liga/realsociedad.png"
"LaLiga";"Sevilla FC";"real";"logos/la-liga/sevilla.png"
"LaLiga";"Valencia CF";"real";"logos/la-liga/valencia.png"
"LaLiga";"Villarreal CF";"real";"logos/la-liga/villarreal.png"
"Serie A";"Atalanta";"real";"logos/serie a/atalanta.png"
"Serie A";"Bologna";"real";"logos/serie a/bologna.png"
"Serie A";"Cagliari";"real";"logos/serie a/cagliari.png"
"Serie A";"Como";"real";"logos/serie a/como.png"
"Serie A";"Cremonese";"real";"logos/serie b/cremonese.png"
"Serie A";"Fiorentina";"real";"logos/serie a/fiorentina.png"
"Serie A";"Genoa";"real";"logos/serie a/genoa.png"
"Serie A";"Hellas Verona";"real";"logos/serie b/hellasverona.png"
"Serie A";"Inter de Milán";"real";"logos/serie a/inter.png"
"Serie A";"Juventus";"real";"logos/serie a/juventus.png"
"Serie A";"Lazio";"real";"logos/serie a/lazio.png"
"Serie A";"Lecce";"real";"logos/serie a/lecce.png"
"Serie A";"AC Milan";"real";"logos/serie a/milan.png"
"Serie A";"Napoli";"real";"logos/serie a/napoli.png"
"Serie A";"Parma";"real";"logos/serie a/parma.png"
"Serie A";"Pisa";"real";"logos/serie b/pisa.png"
"Serie A";"AS Roma";"real";"logos/serie a/roma.png"
"Serie A";"Sassuolo";"real";"logos/serie a/sassuolo.png"
"Serie A";"Torino";"real";"logos/serie a/torino.png"
"Serie A";"Udinese";"real";"logos/serie a/udinese.png"
"Ligue 1";"Angers SCO";"real";"logos/ligue-1/angers.png"
"Ligue 1";"AJ Auxerre";"real";"logos/ligue-1/auxerre.png"
"Ligue 1";"Stade Brestois";"real";"logos/ligue-1/stadebretois.png"
"Ligue 1";"Le Havre AC";"real";"logos/ligue-1/havre.png"
"Ligue 1";"RC Lens";"real";"logos/ligue-1/racinglens.png"
"Ligue 1";"LOSC Lille";"real";"logos/ligue-1/lille.png"
"Ligue 1";"FC Lorient";"real";"logos/ligue-1/lorient.png"
"Ligue 1";"Olympique Lyonnais";"real";"logos/ligue-1/olympiquelyon.png"
"Ligue 1";"Olympique de Marsella";"real";"logos/ligue-1/olimpiquemarsella.png"
"Ligue 1";"FC Metz";"real";"logos/ligue-2/france_fc-metz_128x128.football-logos.cc.png"
"Ligue 1";"AS Monaco";"real";"logos/ligue-1/monaco.png"
"Ligue 1";"FC Nantes";"real";"logos/ligue-2/france_nantes_128x128.football-logos.cc.png"
"Ligue 1";"OGC Nice";"real";"logos/ligue-1/niza.png"
"Ligue 1";"Paris FC";"real";"logos/ligue-1/paris_fc.png"
"Ligue 1";"Paris Saint-Germain";"real";"logos/ligue-1/psg.png"
"Ligue 1";"Stade Rennais";"real";"logos/ligue-1/rennais.png"
"Ligue 1";"RC Estrasburgo";"real";"logos/ligue-1/racingetrasburgo.png"
"Ligue 1";"Toulouse FC";"real";"logos/ligue-1/toulouse.png"
"Bundesliga";"FC Augsburg";"real";"logos/bundesliga/augsburgo.png"
"Bundesliga";"Bayer Leverkusen";"real";"logos/bundesliga/bayerleverkusen.png"
"Bundesliga";"Bayern de Múnich";"real";"logos/bundesliga/bayernmunchen.png"
"Bundesliga";"Borussia Dortmund";"real";"logos/bundesliga/borussiadortmund.png"
"Bundesliga";"Eintracht Frankfurt";"real";"logos/bundesliga/eintrachtfrankfurt.png"
"Bundesliga";"SC Friburgo";"real";"logos/bundesliga/freiburg.png"
"Bundesliga";"Hamburger SV";"real";"logos/bundesliga/hamburgo.png"
"Bundesliga";"1. FC Heidenheim";"real";"logos/bundesliga.2/germany_fc-heidenheim_128x128.football-logos.cc.png"
"Bundesliga";"TSG Hoffenheim";"real";"logos/bundesliga/hoffenheim.png"
"Bundesliga";"1. FC Köln";"real";"logos/bundesliga/koln.png"
"Bundesliga";"RB Leipzig";"real";"logos/bundesliga/rbleipzig.png"
"Bundesliga";"1. FSV Mainz 05";"real";"logos/bundesliga/mainz05.png"
"Bundesliga";"Borussia Mönchengladbach";"real";"logos/bundesliga/bmonchengladbach.png"
"Bundesliga";"FC St. Pauli";"real";"logos/bundesliga.2/germany_st-pauli_128x128.football-logos.cc.png"
"Bundesliga";"VfB Stuttgart";"real";"logos/bundesliga/stuttgart.png"
"Bundesliga";"1. FC Union Berlin";"real";"logos/bundesliga/unionberlin.png"
"Bundesliga";"Werder Bremen";"real";"logos/bundesliga/werderbremen.png"
"Bundesliga";"VfL Wolfsburg";"real";"logos/bundesliga.2/germany_wolfsburg_128x128.football-logos.cc.png"
"Liga Profesional Argentina";"Aldosivi";"real";"logos/lpf-argentina/aldosivi.png"
"Liga Profesional Argentina";"Argentinos Juniors";"real";"logos/lpf-argentina/argentinos.png"
"Liga Profesional Argentina";"Atlético Tucumán";"real";"logos/lpf-argentina/atleticotucuman.png"
"Liga Profesional Argentina";"Banfield";"real";"logos/lpf-argentina/banfield.png"
"Liga Profesional Argentina";"Barracas Central";"real";"logos/lpf-argentina/barracas.png"
"Liga Profesional Argentina";"Belgrano";"real";"logos/lpf-argentina/belgrano.png"
"Liga Profesional Argentina";"Boca Juniors";"generado";""
"Liga Profesional Argentina";"Central Córdoba";"real";"logos/lpf-argentina/centralcordoba.png"
"Liga Profesional Argentina";"Defensa y Justicia";"real";"logos/lpf-argentina/defensa.png"
"Liga Profesional Argentina";"Deportivo Riestra";"real";"logos/lpf-argentina/riestra.png"
"Liga Profesional Argentina";"Estudiantes de La Plata";"real";"logos/lpf-argentina/estudiantes.png"
"Liga Profesional Argentina";"Gimnasia La Plata";"real";"logos/lpf-argentina/gimnasia.png"
"Liga Profesional Argentina";"Godoy Cruz";"real";"logos/b-nacional-arg/godoycruz.png"
"Liga Profesional Argentina";"Huracán";"real";"logos/lpf-argentina/huracan.png"
"Liga Profesional Argentina";"Independiente";"real";"logos/lpf-argentina/independiente.png"
"Liga Profesional Argentina";"Independiente Rivadavia";"real";"logos/lpf-argentina/independienteriv.png"
"Liga Profesional Argentina";"Instituto";"real";"logos/lpf-argentina/instituto.png"
"Liga Profesional Argentina";"Lanús";"real";"logos/lpf-argentina/lanus.png"
"Liga Profesional Argentina";"Newell's Old Boys";"real";"logos/lpf-argentina/newells.png"
"Liga Profesional Argentina";"Platense";"real";"logos/lpf-argentina/platense.png"
"Liga Profesional Argentina";"Racing Club";"real";"logos/lpf-argentina/racing.png"
"Liga Profesional Argentina";"River Plate";"real";"logos/lpf-argentina/river.png"
"Liga Profesional Argentina";"Rosario Central";"real";"logos/lpf-argentina/rosariocentral.png"
"Liga Profesional Argentina";"San Lorenzo";"real";"logos/lpf-argentina/sanlorenzo.png"
"Liga Profesional Argentina";"San Martín de San Juan";"real";"logos/b-nacional-arg/sanmartinsj.png"
"Liga Profesional Argentina";"Sarmiento";"real";"logos/lpf-argentina/sarmiento.png"
"Liga Profesional Argentina";"Talleres";"real";"logos/lpf-argentina/talleres.png"
"Liga Profesional Argentina";"Tigre";"real";"logos/lpf-argentina/tigre.png"
"Liga Profesional Argentina";"Unión";"real";"logos/lpf-argentina/union.png"
"Liga Profesional Argentina";"Vélez Sarsfield";"real";"logos/lpf-argentina/velez.png"
"Brasileirão Série A";"Atlético Mineiro";"real";"logos/brasileirao/atlmineiro.png"
"Brasileirão Série A";"Bahia";"real";"logos/brasileirao/bahia.png"
"Brasileirão Série A";"Botafogo";"real";"logos/brasileirao/botafogo.png"
"Brasileirão Série A";"RB Bragantino";"real";"logos/brasileirao/rbbragantino.png"
"Brasileirão Série A";"Ceará";"real";"logos/brasileirao-b/ceara.png"
"Brasileirão Série A";"Corinthians";"real";"logos/brasileirao/corinthians.png"
"Brasileirão Série A";"Cruzeiro";"real";"logos/brasileirao/cruzeiro.png"
"Brasileirão Série A";"Flamengo";"real";"logos/brasileirao/flamengo.png"
"Brasileirão Série A";"Fluminense";"real";"logos/brasileirao/fluminense.png"
"Brasileirão Série A";"Fortaleza";"real";"logos/brasileirao-b/fortaleza.png"
"Brasileirão Série A";"Grêmio";"real";"logos/brasileirao/gremio.png"
"Brasileirão Série A";"Internacional";"real";"logos/brasileirao/internacional.png"
"Brasileirão Série A";"Juventude";"real";"logos/brasileirao-b/juventude.png"
"Brasileirão Série A";"Mirassol";"real";"logos/brasileirao/mirassol.png"
"Brasileirão Série A";"Palmeiras";"real";"logos/brasileirao/palmeiras.png"
"Brasileirão Série A";"Santos";"real";"logos/brasileirao/santos.png"
"Brasileirão Série A";"São Paulo";"real";"logos/brasileirao/saopaulo.png"
"Brasileirão Série A";"Sport Recife";"real";"logos/brasileirao-b/sportrecife.png"
"Brasileirão Série A";"Vasco da Gama";"real";"logos/brasileirao/vasco.png"
"Brasileirão Série A";"Vitória";"real";"logos/brasileirao/vitoria.png"
"Saudi Pro League";"Al-Ahli";"generado";""
"Saudi Pro League";"Al-Ettifaq";"generado";""
"Saudi Pro League";"Al-Fateh";"generado";""
"Saudi Pro League";"Al-Fayha";"generado";""
"Saudi Pro League";"Al-Hazem";"generado";""
"Saudi Pro League";"Al-Hilal";"generado";""
"Saudi Pro League";"Al-Ittihad";"generado";""
"Saudi Pro League";"Al-Khaleej";"generado";""
"Saudi Pro League";"Al-Kholood";"generado";""
"Saudi Pro League";"Al-Najma";"generado";""
"Saudi Pro League";"Al-Nassr";"generado";""
"Saudi Pro League";"Al-Okhdood";"generado";""
"Saudi Pro League";"Al-Qadsiah";"generado";""
"Saudi Pro League";"Al-Riyadh";"generado";""
"Saudi Pro League";"Al-Shabab";"generado";""
"Saudi Pro League";"Al-Taawoun";"generado";""
"Saudi Pro League";"Damac";"generado";""
"Saudi Pro League";"NEOM SC";"generado";""
"Liga MX";"Club América";"real";"logos/liga-mx/america.png"
"Liga MX";"Atlas";"real";"logos/liga-mx/atlas.png"
"Liga MX";"Atlético de San Luis";"real";"logos/liga-mx/atleticosl.png"
"Liga MX";"Cruz Azul";"real";"logos/liga-mx/cruzazul.png"
"Liga MX";"FC Juárez";"real";"logos/liga-mx/juarez.png"
"Liga MX";"Guadalajara";"real";"logos/liga-mx/guadalajara.png"
"Liga MX";"León";"real";"logos/liga-mx/leon.png"
"Liga MX";"Mazatlán";"generado";""
"Liga MX";"Monterrey";"real";"logos/liga-mx/monterrey.png"
"Liga MX";"Necaxa";"real";"logos/liga-mx/necaxa.png"
"Liga MX";"Pachuca";"real";"logos/liga-mx/pachuca.png"
"Liga MX";"Puebla";"real";"logos/liga-mx/puebla.png"
"Liga MX";"Pumas UNAM";"real";"logos/liga-mx/pumas.png"
"Liga MX";"Querétaro";"real";"logos/liga-mx/queretaro.png"
"Liga MX";"Santos Laguna";"real";"logos/liga-mx/santos.png"
"Liga MX";"Tigres UANL";"real";"logos/liga-mx/tigres.png"
"Liga MX";"Tijuana";"real";"logos/liga-mx/tijuana.png"
"Liga MX";"Toluca";"real";"logos/liga-mx/toluca.png"
"Major League Soccer";"Atlanta United";"real";"logos/MLS/atlanta.png"
"Major League Soccer";"Austin FC";"real";"logos/MLS/austin.png"
"Major League Soccer";"Charlotte FC";"real";"logos/MLS/charlotte.png"
"Major League Soccer";"Chicago Fire";"real";"logos/MLS/chicago.png"
"Major League Soccer";"Colorado Rapids";"real";"logos/MLS/colorado.png"
"Major League Soccer";"Columbus Crew";"real";"logos/MLS/columbus.png"
"Major League Soccer";"D.C. United";"real";"logos/MLS/dcunited.png"
"Major League Soccer";"FC Cincinnati";"real";"logos/MLS/cincinnati.png"
"Major League Soccer";"FC Dallas";"real";"logos/MLS/dallas.png"
"Major League Soccer";"Houston Dynamo";"real";"logos/MLS/houstondynamo.png"
"Major League Soccer";"Inter Miami";"real";"logos/MLS/intermiami.png"
"Major League Soccer";"LA Galaxy";"real";"logos/MLS/losangelesgalaxy.png"
"Major League Soccer";"Los Angeles FC";"real";"logos/MLS/losangeles.png"
"Major League Soccer";"Minnesota United";"real";"logos/MLS/minnesota.png"
"Major League Soccer";"CF Montréal";"real";"logos/MLS/montreal.png"
"Major League Soccer";"Nashville SC";"real";"logos/MLS/nashville.png"
"Major League Soccer";"New England Revolution";"real";"logos/MLS/newengland.png"
"Major League Soccer";"New York City FC";"real";"logos/MLS/newyorkcity.png"
"Major League Soccer";"New York Red Bulls";"real";"logos/MLS/newyork.png"
"Major League Soccer";"Orlando City";"real";"logos/MLS/orlandocity.png"
"Major League Soccer";"Philadelphia Union";"real";"logos/MLS/philadelphia.png"
"Major League Soccer";"Portland Timbers";"real";"logos/MLS/portland.png"
"Major League Soccer";"Real Salt Lake";"real";"logos/MLS/realstaltlake.png"
"Major League Soccer";"San Diego FC";"real";"logos/MLS/sandiego.png"
"Major League Soccer";"San Jose Earthquakes";"real";"logos/MLS/sanjose.png"
"Major League Soccer";"Seattle Sounders";"real";"logos/MLS/seattle.png"
"Major League Soccer";"Sporting Kansas City";"real";"logos/MLS/kansascity.png"
"Major League Soccer";"St. Louis City";"real";"logos/MLS/st_louis_city.png"
"Major League Soccer";"Toronto FC";"real";"logos/MLS/toronto.png"
"Major League Soccer";"Vancouver Whitecaps";"real";"logos/MLS/vancouver.png"
"EFL Championship";"Birmingham City";"real";"logos/efl championship/birmingham.png"
"EFL Championship";"Blackburn Rovers";"real";"logos/efl championship/blackburn_rovers.png"
"EFL Championship";"Bristol City";"real";"logos/efl championship/bristol.png"
"EFL Championship";"Charlton Athletic";"real";"logos/efl championship/charlton_athletic.png"
"EFL Championship";"Coventry City";"real";"logos/premier-league/coventry.png"
"EFL Championship";"Derby County";"real";"logos/efl championship/derby_county.png"
"EFL Championship";"Hull City";"real";"logos/premier-league/hull_city.png"
"EFL Championship";"Ipswich Town";"real";"logos/premier-league/ipswich_townÔÇï.png"
"EFL Championship";"Leicester City";"generado";""
"EFL Championship";"Middlesbrough";"real";"logos/efl championship/middlesbrough.png"
"EFL Championship";"Millwall";"real";"logos/efl championship/millwall.png"
"EFL Championship";"Norwich City";"real";"logos/efl championship/norwich.png"
"EFL Championship";"Oxford United";"generado";""
"EFL Championship";"Portsmouth";"real";"logos/efl championship/portsmouth.png"
"EFL Championship";"Preston North End";"real";"logos/efl championship/preston.png"
"EFL Championship";"Queens Park Rangers";"real";"logos/efl championship/queens_park.png"
"EFL Championship";"Sheffield United";"real";"logos/efl championship/sheffield.png"
"EFL Championship";"Sheffield Wednesday";"generado";""
"EFL Championship";"Southampton";"real";"logos/efl championship/southampton.png"
"EFL Championship";"Stoke City";"real";"logos/efl championship/stoke_city.png"
"EFL Championship";"Swansea City";"real";"logos/efl championship/swansea_city.png"
"EFL Championship";"Watford";"real";"logos/efl championship/watford.png"
"EFL Championship";"West Bromwich Albion";"real";"logos/efl championship/westbrownwichalbion.png"
"EFL Championship";"Wrexham";"real";"logos/efl championship/wrexham.png"
"LaLiga Hypermotion";"Albacete";"real";"logos/la-liga2/albacete.png"
"LaLiga Hypermotion";"UD Almería";"real";"logos/la-liga2/almeria.png"
"LaLiga Hypermotion";"FC Andorra";"real";"logos/la-liga2/andorra.png"
"LaLiga Hypermotion";"Burgos CF";"real";"logos/la-liga2/burgos.png"
"LaLiga Hypermotion";"Cádiz CF";"real";"logos/la-liga2/cadiz.png"
"LaLiga Hypermotion";"CD Castellón";"real";"logos/la-liga2/castellon.png"
"LaLiga Hypermotion";"AD Ceuta";"real";"logos/la-liga2/ceuta.png"
"LaLiga Hypermotion";"Córdoba CF";"real";"logos/la-liga2/cordoba.png"
"LaLiga Hypermotion";"Cultural Leonesa";"real";"logos/liga-pro-ecuador/leones.png"
"LaLiga Hypermotion";"Deportivo de La Coruña";"real";"logos/la-liga/deportivocoruna.png"
"LaLiga Hypermotion";"SD Eibar";"real";"logos/la-liga2/eibar.png"
"LaLiga Hypermotion";"Granada CF";"real";"logos/la-liga2/granada.png"
"LaLiga Hypermotion";"SD Huesca";"generado";""
"LaLiga Hypermotion";"UD Las Palmas";"real";"logos/la-liga2/udlaspalmas.png"
"LaLiga Hypermotion";"CD Leganés";"real";"logos/la-liga2/leganes.png"
"LaLiga Hypermotion";"Málaga CF";"real";"logos/la-liga/malaga.png"
"LaLiga Hypermotion";"CD Mirandés";"real";"logos/b-nacional-arg/los_andes.png"
"LaLiga Hypermotion";"Racing de Santander";"real";"logos/la-liga/racingsantander.png"
"LaLiga Hypermotion";"Real Sociedad B";"real";"logos/la-liga2/realsociedad.png"
"LaLiga Hypermotion";"Sporting de Gijón";"real";"logos/la-liga2/sporting.png"
"LaLiga Hypermotion";"Real Valladolid";"real";"logos/la-liga2/valladolid.png"
"LaLiga Hypermotion";"Real Zaragoza";"generado";""
"Serie B";"Avellino";"real";"logos/serie b/avellino.png"
"Serie B";"Bari";"generado";""
"Serie B";"Carrarese";"real";"logos/serie b/carrarese.png"
"Serie B";"Catanzaro";"real";"logos/serie b/catanzaro.png"
"Serie B";"Cesena";"real";"logos/serie b/cesena.png"
"Serie B";"Empoli";"real";"logos/serie b/empoli.png"
"Serie B";"Virtus Entella";"real";"logos/serie b/virtus_entella.png"
"Serie B";"Frosinone";"real";"logos/serie a/frosinone.png"
"Serie B";"Juve Stabia";"real";"logos/serie b/juve_stabia.png"
"Serie B";"Mantova";"real";"logos/serie b/mantova.png"
"Serie B";"Modena";"real";"logos/serie b/modena.png"
"Serie B";"Monza";"real";"logos/serie a/monza.png"
"Serie B";"Padova";"real";"logos/serie b/padova.png"
"Serie B";"Palermo";"real";"logos/serie b/palermo.png"
"Serie B";"Pescara";"generado";""
"Serie B";"Reggiana";"generado";""
"Serie B";"Sampdoria";"real";"logos/serie b/sampdoria.png"
"Serie B";"Spezia";"generado";""
"Serie B";"Südtirol";"real";"logos/serie b/sudtirol.png"
"Serie B";"Venezia";"real";"logos/serie a/venezia.png"
"2. Bundesliga";"Arminia Bielefeld";"real";"logos/bundesliga.2/germany_arminia-bielefeld_128x128.football-logos.cc.png"
"2. Bundesliga";"VfL Bochum";"real";"logos/bundesliga.2/germany_vfl-bochum_128x128.football-logos.cc.png"
"2. Bundesliga";"Eintracht Braunschweig";"real";"logos/bundesliga.2/germany_eintracht-braunschweig_128x128.football-logos.cc.png"
"2. Bundesliga";"SV Darmstadt 98";"real";"logos/bundesliga.2/germany_darmstadt_128x128.football-logos.cc.png"
"2. Bundesliga";"Dynamo Dresden";"real";"logos/bundesliga.2/germany_dynamo-dresden_128x128.football-logos.cc.png"
"2. Bundesliga";"Fortuna Düsseldorf";"generado";""
"2. Bundesliga";"SV Elversberg";"real";"logos/bundesliga/elversberg.png"
"2. Bundesliga";"Greuther Fürth";"real";"logos/bundesliga.2/germany_spvgg-greuther-furth_128x128.football-logos.cc.png"
"2. Bundesliga";"Hannover 96";"real";"logos/bundesliga.2/germany_hannover-96_128x128.football-logos.cc.png"
"2. Bundesliga";"Hertha BSC";"real";"logos/bundesliga.2/germany_hertha-bsc_128x128.football-logos.cc.png"
"2. Bundesliga";"Holstein Kiel";"real";"logos/bundesliga.2/germany_holstein-kiel_128x128.football-logos.cc.png"
"2. Bundesliga";"1. FC Kaiserslautern";"real";"logos/bundesliga.2/germany_fc-kaiserslautern_128x128.football-logos.cc.png"
"2. Bundesliga";"Karlsruher SC";"real";"logos/bundesliga.2/germany_karlsruher_128x128.football-logos.cc.png"
"2. Bundesliga";"1. FC Magdeburg";"real";"logos/bundesliga.2/germany_1-fc-magdeburg_128x128.football-logos.cc.png"
"2. Bundesliga";"1. FC Nürnberg";"real";"logos/bundesliga.2/germany_fc-nurnberg_128x128.football-logos.cc.png"
"2. Bundesliga";"SC Paderborn 07";"real";"logos/bundesliga/paderborn07.png"
"2. Bundesliga";"Preußen Münster";"generado";""
"2. Bundesliga";"FC Schalke 04";"real";"logos/bundesliga/schalke04.png"
"Ligue 2";"Amiens SC";"generado";""
"Ligue 2";"FC Annecy";"real";"logos/ligue-2/france_annecy_128x128.football-logos.cc.png"
"Ligue 2";"SC Bastia";"generado";""
"Ligue 2";"US Boulogne";"real";"logos/ligue-2/france_boulogne_128x128.football-logos.cc.png"
"Ligue 2";"Clermont Foot";"real";"logos/ligue-2/france_clermont-foot_128x128.football-logos.cc.png"
"Ligue 2";"USL Dunkerque";"real";"logos/ligue-2/france_dunkerque_128x128.football-logos.cc.png"
"Ligue 2";"Grenoble Foot 38";"real";"logos/ligue-2/france_grenoble-foot-38_128x128.football-logos.cc.png"
"Ligue 2";"EA Guingamp";"real";"logos/ligue-2/france_guingamp_128x128.football-logos.cc.png"
"Ligue 2";"Stade Lavallois";"real";"logos/ligue-2/france_stade-lavallois_128x128.football-logos.cc.png"
"Ligue 2";"Le Mans FC";"real";"logos/ligue-1/le_mans.png"
"Ligue 2";"Montpellier HSC";"real";"logos/ligue-2/france_montpellier_128x128.football-logos.cc.png"
"Ligue 2";"AS Nancy-Lorraine";"real";"logos/ligue-2/france_nancy_128x128.football-logos.cc.png"
"Ligue 2";"Pau FC";"real";"logos/ligue-2/france_pau_128x128.football-logos.cc.png"
"Ligue 2";"Red Star FC";"real";"logos/ligue-2/france_red-star-fc_128x128.football-logos.cc.png"
"Ligue 2";"Stade de Reims";"real";"logos/ligue-2/france_stade-de-reims_128x128.football-logos.cc.png"
"Ligue 2";"Rodez AF";"real";"logos/ligue-2/france_rodez-af_128x128.football-logos.cc.png"
"Ligue 2";"AS Saint-Étienne";"real";"logos/ligue-2/france_as-saint-etienne_128x128.football-logos.cc.png"
"Ligue 2";"ES Troyes AC";"real";"logos/ligue-1/troyes.png"
"Primera Nacional";"Agropecuario";"real";"logos/b-nacional-arg/agropecuario.png"
"Primera Nacional";"All Boys";"real";"logos/b-nacional-arg/allboys.png"
"Primera Nacional";"Almirante Brown";"real";"logos/b-nacional-arg/almirante.png"
"Primera Nacional";"Arsenal de Sarandí";"generado";""
"Primera Nacional";"Atlanta";"real";"logos/b-nacional-arg/atlanta.png"
"Primera Nacional";"Chacarita Juniors";"real";"logos/b-nacional-arg/chacarita.png"
"Primera Nacional";"Colón";"real";"logos/b-nacional-arg/colon.png"
"Primera Nacional";"Defensores de Belgrano";"real";"logos/b-nacional-arg/defensores.png"
"Primera Nacional";"Deportivo Madryn";"real";"logos/b-nacional-arg/deportivo_madryn.png"
"Primera Nacional";"Deportivo Maipú";"real";"logos/b-nacional-arg/depmaipu.png"
"Primera Nacional";"Deportivo Morón";"real";"logos/b-nacional-arg/moron.png"
"Primera Nacional";"Estudiantes de Río Cuarto";"real";"logos/b-nacional-arg/estudiantes.png"
"Primera Nacional";"Ferro Carril Oeste";"real";"logos/b-nacional-arg/ferro.png"
"Primera Nacional";"Gimnasia de Jujuy";"real";"logos/b-nacional-arg/gimnasiajujuy.png"
"Primera Nacional";"Gimnasia de Mendoza";"real";"logos/lpf-argentina/gimnasiamendoza.png"
"Primera Nacional";"Nueva Chicago";"real";"logos/b-nacional-arg/nueva_chicago.png"
"Primera Nacional";"Patronato";"real";"logos/b-nacional-arg/patronato.png"
"Primera Nacional";"Quilmes";"real";"logos/b-nacional-arg/quilmes.png"
"Primera Nacional";"San Martín de Tucumán";"real";"logos/b-nacional-arg/sanmartintuc.png"
"Primera Nacional";"Temperley";"real";"logos/b-nacional-arg/temperley.png"
"Brasileirão Série B";"América-MG";"real";"logos/brasileirao-b/america_mineiro.png"
"Brasileirão Série B";"Amazonas";"generado";""
"Brasileirão Série B";"Athletic Club-MG";"real";"logos/brasileirao-b/athletic_club.png"
"Brasileirão Série B";"Athletico Paranaense";"real";"logos/brasileirao/atlparanaense.png"
"Brasileirão Série B";"Atlético Goianiense";"real";"logos/brasileirao-b/atlgoianiense.png"
"Brasileirão Série B";"Avaí";"real";"logos/brasileirao-b/avai.png"
"Brasileirão Série B";"Botafogo-SP";"real";"logos/brasileirao-b/botagofo.png"
"Brasileirão Série B";"Chapecoense";"real";"logos/brasileirao/chapecoense.png"
"Brasileirão Série B";"Coritiba";"real";"logos/brasileirao/coritiba.png"
"Brasileirão Série B";"CRB";"real";"logos/brasileirao-b/crb.png"
"Brasileirão Série B";"Criciúma";"real";"logos/brasileirao-b/criciuma.png"
"Brasileirão Série B";"Cuiabá";"real";"logos/brasileirao-b/cuiaba.png"
"Brasileirão Série B";"Ferroviária";"generado";""
"Brasileirão Série B";"Goiás";"real";"logos/brasileirao-b/goias.png"
"Brasileirão Série B";"Novorizontino";"real";"logos/brasileirao-b/novorizontino.png"
"Brasileirão Série B";"Operário Ferroviário";"real";"logos/brasileirao-b/operario.png"
"Brasileirão Série B";"Paysandu";"generado";""
"Brasileirão Série B";"Remo";"real";"logos/brasileirao/remo.png"
"Brasileirão Série B";"Vila Nova";"real";"logos/brasileirao-b/vila_nova.png"
"Brasileirão Série B";"Volta Redonda";"generado";""
"Primera División de Uruguay";"Boston River";"real";"logos/liga-auf-uruguay/bostonriver.png"
"Primera División de Uruguay";"Cerro";"real";"logos/liga-auf-uruguay/cerro.png"
"Primera División de Uruguay";"Cerro Largo";"real";"logos/liga-auf-uruguay/cerrolargo.png"
"Primera División de Uruguay";"Danubio";"real";"logos/liga-auf-uruguay/danubio.png"
"Primera División de Uruguay";"Defensor Sporting";"real";"logos/liga-auf-uruguay/defensor.png"
"Primera División de Uruguay";"Juventud de Las Piedras";"real";"logos/liga-auf-uruguay/juventud.png"
"Primera División de Uruguay";"Liverpool FC";"real";"logos/liga-auf-uruguay/liverpool.png"
"Primera División de Uruguay";"Miramar Misiones";"generado";""
"Primera División de Uruguay";"Montevideo City Torque";"real";"logos/liga-auf-uruguay/montevideocity.png"
"Primera División de Uruguay";"Montevideo Wanderers";"real";"logos/liga-auf-uruguay/wanderers.png"
"Primera División de Uruguay";"Nacional";"real";"logos/liga-auf-uruguay/nacional.png"
"Primera División de Uruguay";"Peñarol";"real";"logos/liga-auf-uruguay/penarol.png"
"Primera División de Uruguay";"Plaza Colonia";"generado";""
"Primera División de Uruguay";"Progreso";"real";"logos/liga-auf-uruguay/progreso.png"
"Primera División de Uruguay";"Racing de Montevideo";"real";"logos/liga-auf-uruguay/racing.png"
"Primera División de Uruguay";"River Plate de Montevideo";"generado";""
"Liga BetPlay Dimayor";"Águilas Doradas";"real";"logos/betplay-dimayor/aguilas_doradas.png"
"Liga BetPlay Dimayor";"Alianza FC";"real";"logos/betplay-dimayor/alianza.png"
"Liga BetPlay Dimayor";"América de Cali";"real";"logos/betplay-dimayor/america.png"
"Liga BetPlay Dimayor";"Atlético Bucaramanga";"real";"logos/betplay-dimayor/bucaramanga.png"
"Liga BetPlay Dimayor";"Atlético Nacional";"real";"logos/betplay-dimayor/internacional_bogota.png"
"Liga BetPlay Dimayor";"Boyacá Chicó";"real";"logos/betplay-dimayor/boyacachico.png"
"Liga BetPlay Dimayor";"Deportes Tolima";"real";"logos/betplay-dimayor/tolima.png"
"Liga BetPlay Dimayor";"Deportivo Cali";"real";"logos/betplay-dimayor/depcali.png"
"Liga BetPlay Dimayor";"Deportivo Pasto";"real";"logos/betplay-dimayor/pasto.png"
"Liga BetPlay Dimayor";"Deportivo Pereira";"real";"logos/betplay-dimayor/pereira.png"
"Liga BetPlay Dimayor";"Envigado";"generado";""
"Liga BetPlay Dimayor";"Fortaleza CEIF";"real";"logos/betplay-dimayor/fortaleza.png"
"Liga BetPlay Dimayor";"Independiente Medellín";"real";"logos/betplay-dimayor/dim.png"
"Liga BetPlay Dimayor";"Junior de Barranquilla";"real";"logos/betplay-dimayor/junior.png"
"Liga BetPlay Dimayor";"La Equidad";"generado";""
"Liga BetPlay Dimayor";"Llaneros";"real";"logos/betplay-dimayor/llaneros.png"
"Liga BetPlay Dimayor";"Millonarios";"real";"logos/betplay-dimayor/millonarios.png"
"Liga BetPlay Dimayor";"Once Caldas";"real";"logos/betplay-dimayor/oncecaldas.png"
"Liga BetPlay Dimayor";"Santa Fe";"real";"logos/betplay-dimayor/santafe.png"
"Liga BetPlay Dimayor";"Unión Magdalena";"generado";""
"Primera División de Chile";"Audax Italiano";"real";"logos/primera-chile/audax.png"
"Primera División de Chile";"Cobresal";"real";"logos/primera-chile/cobresal.png"
"Primera División de Chile";"Colo-Colo";"real";"logos/primera-chile/colocolo.png"
"Primera División de Chile";"Coquimbo Unido";"real";"logos/primera-chile/coquimbo.png"
"Primera División de Chile";"Deportes Iquique";"real";"logos/primera-chile/deportes_concepcion.png"
"Primera División de Chile";"Deportes Limache";"real";"logos/primera-chile/deportes_limache.png"
"Primera División de Chile";"Deportes La Serena";"real";"logos/primera-chile/deplaserena.png"
"Primera División de Chile";"Everton de Viña";"real";"logos/primera-chile/everton.png"
"Primera División de Chile";"Huachipato";"real";"logos/primera-chile/huachipato.png"
"Primera División de Chile";"Ñublense";"real";"logos/primera-chile/nublense.png"
"Primera División de Chile";"O'Higgins";"real";"logos/primera-chile/ohiggins.png"
"Primera División de Chile";"Palestino";"real";"logos/primera-chile/palestino.png"
"Primera División de Chile";"Unión Española";"generado";""
"Primera División de Chile";"Unión La Calera";"real";"logos/primera-chile/unionlacalera.png"
"Primera División de Chile";"Universidad Católica";"real";"logos/primera-chile/ucatolica.png"
"Primera División de Chile";"Universidad de Chile";"real";"logos/primera-chile/udechile.png"
"LigaPro Ecuador";"Aucas";"real";"logos/liga-pro-ecuador/aucas.png"
"LigaPro Ecuador";"Barcelona SC";"real";"logos/liga-pro-ecuador/barcelona.png"
"LigaPro Ecuador";"Delfín";"real";"logos/liga-pro-ecuador/delfin.png"
"LigaPro Ecuador";"Deportivo Cuenca";"real";"logos/liga-pro-ecuador/depcuenca.png"
"LigaPro Ecuador";"El Nacional";"real";"logos/betplay-dimayor/atlnacional.png"
"LigaPro Ecuador";"Emelec";"real";"logos/liga-pro-ecuador/emelec.png"
"LigaPro Ecuador";"Independiente del Valle";"real";"logos/liga-pro-ecuador/independientedv.png"
"LigaPro Ecuador";"Libertad FC";"real";"logos/liga-pro-ecuador/libertad.png"
"LigaPro Ecuador";"LDU Quito";"real";"logos/liga-pro-ecuador/ligadequito.png"
"LigaPro Ecuador";"Macará";"real";"logos/liga-pro-ecuador/macara.png"
"LigaPro Ecuador";"Manta FC";"real";"logos/liga-pro-ecuador/manta.png"
"LigaPro Ecuador";"Mushuc Runa";"real";"logos/liga-pro-ecuador/mushucruna.png"
"LigaPro Ecuador";"Orense SC";"real";"logos/liga-pro-ecuador/orense.png"
"LigaPro Ecuador";"Técnico Universitario";"real";"logos/liga-pro-ecuador/tecnico-universitario.png"
"LigaPro Ecuador";"Universidad Católica de Quito";"real";"logos/liga-pro-ecuador/universidadcatolica.png"
"LigaPro Ecuador";"Vinotinto FC";"generado";""
"División Profesional de Paraguay";"2 de Mayo";"real";"logos/liga-paraguaya/2demayo.png"
"División Profesional de Paraguay";"Cerro Porteño";"real";"logos/liga-paraguaya/cerroporteno.png"
"División Profesional de Paraguay";"General Caballero";"real";"logos/liga-paraguaya/general_caballero.png"
"División Profesional de Paraguay";"Guaraní";"real";"logos/liga-paraguaya/guarani.png"
"División Profesional de Paraguay";"Libertad";"real";"logos/liga-paraguaya/libertad.png"
"División Profesional de Paraguay";"Nacional de Asunción";"real";"logos/liga-paraguaya/nacional.png"
"División Profesional de Paraguay";"Olimpia";"real";"logos/liga-paraguaya/olimpia.png"
"División Profesional de Paraguay";"Recoleta";"real";"logos/liga-paraguaya/recoleta_fc.png"
"División Profesional de Paraguay";"Sportivo Ameliano";"real";"logos/liga-paraguaya/sportivo_ameliano.png"
"División Profesional de Paraguay";"Sportivo Luqueño";"real";"logos/liga-paraguaya/sportivoluqueno.png"
"División Profesional de Paraguay";"Sportivo Trinidense";"real";"logos/liga-paraguaya/sportivo_trinidense.png"
"División Profesional de Paraguay";"Tacuary";"generado";""
"Liga 1 de Perú";"ADT de Tarma";"generado";""
"Liga 1 de Perú";"Alianza Atlético";"real";"logos/liga-1-peru/alianza_atletico.png"
"Liga 1 de Perú";"Alianza Lima";"real";"logos/liga-1-peru/alianzalima.png"
"Liga 1 de Perú";"Atlético Grau";"real";"logos/liga-1-peru/atleticograu.png"
"Liga 1 de Perú";"Ayacucho FC";"generado";""
"Liga 1 de Perú";"Binacional";"generado";""
"Liga 1 de Perú";"Cienciano";"real";"logos/liga-1-peru/cienciano.png"
"Liga 1 de Perú";"Comerciantes Unidos";"real";"logos/liga-1-peru/comerciantes_unidos.png"
"Liga 1 de Perú";"Cusco FC";"real";"logos/liga-1-peru/cusco.png"
"Liga 1 de Perú";"Deportivo Garcilaso";"real";"logos/liga-1-peru/deportivo_garcilaso.png"
"Liga 1 de Perú";"Juan Pablo II";"real";"logos/liga-1-peru/juan_pablo_II_college.png"
"Liga 1 de Perú";"Los Chankas";"real";"logos/liga-1-peru/los_chankas.png"
"Liga 1 de Perú";"Melgar";"real";"logos/liga-1-peru/melgar.png"
"Liga 1 de Perú";"Sport Boys";"real";"logos/liga-1-peru/sportboys.png"
"Liga 1 de Perú";"Sport Huancayo";"real";"logos/liga-1-peru/huancayo.png"
"Liga 1 de Perú";"Sporting Cristal";"real";"logos/liga-1-peru/sportingcristal.png"
"Liga 1 de Perú";"Universitario";"real";"logos/liga-1-peru/universitario.png"
"Liga 1 de Perú";"UTC";"real";"logos/liga-1-peru/utc.png"
"División Profesional de Bolivia";"ABB";"real";"logos/liga-boliviana/abb.png"
"División Profesional de Bolivia";"Always Ready";"real";"logos/liga-boliviana/always_ready.png"
"División Profesional de Bolivia";"Aurora";"real";"logos/liga-boliviana/aurora.png"
"División Profesional de Bolivia";"Blooming";"real";"logos/liga-boliviana/blooming.png"
"División Profesional de Bolivia";"Bolívar";"real";"logos/liga-boliviana/bolivar.png"
"División Profesional de Bolivia";"Guabirá";"real";"logos/liga-boliviana/guabira.png"
"División Profesional de Bolivia";"GV San José";"generado";""
"División Profesional de Bolivia";"Independiente Petrolero";"real";"logos/liga-boliviana/independiente_petrolero.png"
"División Profesional de Bolivia";"Nacional Potosí";"real";"logos/liga-boliviana/nacional_potosi.png"
"División Profesional de Bolivia";"Oriente Petrolero";"real";"logos/liga-boliviana/oriente_petrolero.png"
"División Profesional de Bolivia";"Real Oruro";"real";"logos/liga-boliviana/real_oruro.png"
"División Profesional de Bolivia";"Real Tomayapo";"real";"logos/liga-boliviana/real_tomayapo.png"
"División Profesional de Bolivia";"San Antonio Bulo Bulo";"real";"logos/liga-boliviana/san_antonio.png"
"División Profesional de Bolivia";"The Strongest";"real";"logos/liga-boliviana/the_strongest.png"
"División Profesional de Bolivia";"Universitario de Vinto";"real";"logos/liga-boliviana/universitario_de_vinto.png"
"División Profesional de Bolivia";"Wilstermann";"real";"logos/liga-boliviana/jorge_wilstermann.png"
"Liga FUTVE";"Academia Puerto Cabello";"real";"logos/liga-futve/academia.png"
"Liga FUTVE";"Angostura FC";"generado";""
"Liga FUTVE";"Carabobo FC";"real";"logos/liga-futve/carabobo.png"
"Liga FUTVE";"Caracas FC";"real";"logos/liga-futve/caracas.png"
"Liga FUTVE";"Deportivo La Guaira";"real";"logos/liga-futve/laguaira.png"
"Liga FUTVE";"Deportivo Táchira";"real";"logos/liga-futve/deportivotachira.png"
"Liga FUTVE";"Estudiantes de Mérida";"real";"logos/liga-futve/estudiantesmerida.png"
"Liga FUTVE";"Inter de Barinas";"generado";""
"Liga FUTVE";"Metropolitanos FC";"real";"logos/liga-futve/metropolitanos.png"
"Liga FUTVE";"Monagas SC";"real";"logos/liga-futve/monagas.png"
"Liga FUTVE";"Portuguesa FC";"real";"logos/liga-futve/portuguesa.png"
"Liga FUTVE";"Rayo Zuliano";"real";"logos/liga-futve/rayo_zuliano.png"
"Liga FUTVE";"UCV FC";"generado";""
"Liga FUTVE";"Deportivo Anzoátegui";"real";"logos/liga-futve/anzoategui.png"
"Liga FUTVE";"Yaracuyanos FC";"generado";""
"Liga FUTVE";"Zamora FC";"real";"logos/liga-futve/zamora.png"
"Liga Portugal";"FC Alverca";"real";"logos/primeira-liga/alverca.png"
"Liga Portugal";"FC Arouca";"real";"logos/primeira-liga/arouca.png"
"Liga Portugal";"AVS";"generado";""
"Liga Portugal";"SC Braga";"real";"logos/primeira-liga/braga.png"
"Liga Portugal";"Casa Pia AC";"real";"logos/primeira-liga/casa_pia.png"
"Liga Portugal";"Estoril Praia";"real";"logos/primeira-liga/estoril.png"
"Liga Portugal";"CF Estrela da Amadora";"real";"logos/primeira-liga/estrella.png"
"Liga Portugal";"FC Famalicão";"real";"logos/primeira-liga/famalicao.png"
"Liga Portugal";"Gil Vicente FC";"real";"logos/primeira-liga/gilvicente.png"
"Liga Portugal";"CD Nacional";"real";"logos/primeira-liga/nacional.png"
"Liga Portugal";"Moreirense FC";"real";"logos/primeira-liga/moreirense.png"
"Liga Portugal";"SL Benfica";"real";"logos/primeira-liga/benfica.png"
"Liga Portugal";"FC Porto";"real";"logos/primeira-liga/porto.png"
"Liga Portugal";"Rio Ave FC";"real";"logos/primeira-liga/rioave.png"
"Liga Portugal";"CD Santa Clara";"real";"logos/primeira-liga/santaclara.png"
"Liga Portugal";"Sporting CP";"real";"logos/primeira-liga/sporting.png"
"Liga Portugal";"CD Tondela";"generado";""
"Liga Portugal";"Vitória SC";"real";"logos/primeira-liga/vitoria.png"
"Eredivisie";"AFC Ajax";"real";"logos/eredivisie/ajax.png"
"Eredivisie";"AZ Alkmaar";"real";"logos/eredivisie/az.png"
"Eredivisie";"Excelsior";"real";"logos/eredivisie/excelsior.png"
"Eredivisie";"SC Heerenveen";"real";"logos/eredivisie/scheerenveen.png"
"Eredivisie";"Heracles Almelo";"generado";""
"Eredivisie";"Feyenoord";"real";"logos/eredivisie/feyenoord.png"
"Eredivisie";"FC Groningen";"real";"logos/eredivisie/gronningen.png"
"Eredivisie";"Fortuna Sittard";"real";"logos/eredivisie/fortunasittard.png"
"Eredivisie";"Go Ahead Eagles";"real";"logos/eredivisie/go_ahead_eagles.png"
"Eredivisie";"NAC Breda";"generado";""
"Eredivisie";"NEC Nijmegen";"real";"logos/eredivisie/nec.png"
"Eredivisie";"PEC Zwolle";"real";"logos/eredivisie/zwolle.png"
"Eredivisie";"PSV Eindhoven";"real";"logos/eredivisie/psv.png"
"Eredivisie";"Sparta Rotterdam";"real";"logos/eredivisie/sparta.png"
"Eredivisie";"SC Telstar";"real";"logos/eredivisie/telstar.png"
"Eredivisie";"FC Twente";"real";"logos/eredivisie/twente.png"
"Eredivisie";"FC Utrecht";"real";"logos/eredivisie/utrecht.png"
"Eredivisie";"FC Volendam";"generado";""
"Süper Lig";"Alanyaspor";"real";"logos/turkey-superlig/alanyaspor.png"
"Süper Lig";"Antalyaspor";"generado";""
"Süper Lig";"Basaksehir";"real";"logos/turkey-superlig/estambul.png"
"Süper Lig";"Besiktas";"real";"logos/turkey-superlig/besiktas.png"
"Süper Lig";"Eyüpspor";"real";"logos/turkey-superlig/eyupspor.png"
"Süper Lig";"Fatih Karagümrük";"generado";""
"Süper Lig";"Fenerbahce";"real";"logos/turkey-superlig/fenerbahce.png"
"Süper Lig";"Galatasaray";"real";"logos/turkey-superlig/galatasaray.png"
"Süper Lig";"Gaziantep FK";"real";"logos/turkey-superlig/gaziantep.png"
"Süper Lig";"Genclerbirligi";"real";"logos/turkey-superlig/genclerbirligi.png"
"Süper Lig";"Göztepe";"real";"logos/turkey-superlig/goztepe.png"
"Süper Lig";"Kasimpasa";"real";"logos/turkey-superlig/kas─▒mpasa.png"
"Süper Lig";"Kayserispor";"generado";""
"Süper Lig";"Kocaelispor";"real";"logos/turkey-superlig/kocaelispor.png"
"Süper Lig";"Konyaspor";"real";"logos/turkey-superlig/konyaspor.png"
"Süper Lig";"Rizespor";"real";"logos/turkey-superlig/caykur_rizespor.png"
"Süper Lig";"Samsunspor";"real";"logos/turkey-superlig/samsunspor.png"
"Süper Lig";"Trabzonspor";"real";"logos/turkey-superlig/trabzonspor.png"
"Super League Grecia";"AEK Atenas";"real";"logos/super-league-grecia/aek_atenas.png"
"Super League Grecia";"Aris Salónica";"real";"logos/super-league-grecia/aris.png"
"Super League Grecia";"Asteras Tripolis";"real";"logos/super-league-grecia/asteras.png"
"Super League Grecia";"Atromitos";"real";"logos/super-league-grecia/atromitos.png"
"Super League Grecia";"Kifisia";"real";"logos/super-league-grecia/ae_kifisia.png"
"Super League Grecia";"AEL Larissa";"generado";""
"Super League Grecia";"Levadiakos";"real";"logos/super-league-grecia/levadiakos.png"
"Super League Grecia";"OFI Creta";"real";"logos/super-league-grecia/ofi.png"
"Super League Grecia";"Olympiacos";"real";"logos/super-league-grecia/olympiacos.png"
"Super League Grecia";"Panathinaikos";"real";"logos/super-league-grecia/panathinaikos.png"
"Super League Grecia";"Panetolikos";"real";"logos/super-league-grecia/panetolikos.png"
"Super League Grecia";"Panserraikos";"generado";""
"Super League Grecia";"PAOK";"real";"logos/super-league-grecia/paok.png"
"Super League Grecia";"Volos NFC";"real";"logos/super-league-grecia/volos.png"
"Premier League de Ucrania";"Dynamo Kyiv";"real";"logos/ukraine-premier-league/dinamo_kiev.png"
"Premier League de Ucrania";"Shakhtar Donetsk";"real";"logos/ukraine-premier-league/shakhtar_donetsk.png"
"Premier League de Ucrania";"Zorya Luhansk";"real";"logos/ukraine-premier-league/zarya_lugansk.png"
"Premier League de Ucrania";"SC Dnipro-1";"generado";""
"Premier League de Ucrania";"Kryvbas";"real";"logos/ukraine-premier-league/kryvbas_kryvyi.png"
"Premier League de Ucrania";"FC Oleksandriya";"real";"logos/ukraine-premier-league/oleksandria.png"
"Premier League de Ucrania";"Polissya Zhytomyr";"real";"logos/ukraine-premier-league/polissya_zhytomyr.png"
"Premier League de Ucrania";"Kolos Kovalivka";"real";"logos/ukraine-premier-league/kolos_kovalivka.png"
"Premier League de Ucrania";"Rukh Lviv";"real";"logos/ukraine-premier-league/rukh_lviv.png"
"Premier League de Ucrania";"Veres Rivne";"real";"logos/ukraine-premier-league/veres_rivne.png"
"Premier League de Ucrania";"Obolon Kyiv";"real";"logos/ukraine-premier-league/obolon_kiev.png"
"Premier League de Ucrania";"LNZ Cherkasy";"real";"logos/ukraine-premier-league/lnz_cherkasy.png"
"Premier League de Ucrania";"Karpaty Lviv";"real";"logos/ukraine-premier-league/karpaty_lviv.png"
"Premier League de Ucrania";"Epicentr";"real";"logos/ukraine-premier-league/epicentr.png"
"Premier League de Ucrania";"Kudrivka";"real";"logos/ukraine-premier-league/kudrivka.png"
"Premier League de Ucrania";"Metalist 1925";"real";"logos/ukraine-premier-league/metalist_1925_jarkov.png"
"Premier Liga de Rusia";"Akhmat Grozny";"real";"logos/russian-premier-league/akhmat_grozny.png"
"Premier Liga de Rusia";"Akron Togliatti";"generado";""
"Premier Liga de Rusia";"Baltika";"real";"logos/russian-premier-league/baltika-_kaliningrado.png"
"Premier Liga de Rusia";"CSKA Moscú";"real";"logos/russian-premier-league/cska_moscu.png"
"Premier Liga de Rusia";"Dinamo Moscú";"real";"logos/russian-premier-league/dynamo_moscu.png"
"Premier Liga de Rusia";"Dynamo Makhachkala";"generado";""
"Premier Liga de Rusia";"Krasnodar";"real";"logos/russian-premier-league/fc_krasnodar.png"
"Premier Liga de Rusia";"Krylia Sovetov";"real";"logos/russian-premier-league/krylia_sovetov.png"
"Premier Liga de Rusia";"Lokomotiv Moscú";"real";"logos/russian-premier-league/lokomotiv_moscu.png"
"Premier Liga de Rusia";"Orenburg";"real";"logos/russian-premier-league/fc_orenburg.png"
"Premier Liga de Rusia";"Pari Nizhny Novgorod";"real";"logos/russian-premier-league/nizhni_novgorodÔÇï.png"
"Premier Liga de Rusia";"Rostov";"real";"logos/russian-premier-league/fc_rostov.png"
"Premier Liga de Rusia";"Rubin Kazán";"real";"logos/russian-premier-league/rubin_kazan.png"
"Premier Liga de Rusia";"Sochi";"real";"logos/russian-premier-league/pfc_sochi.png"
"Premier Liga de Rusia";"Spartak Moscú";"real";"logos/russian-premier-league/spartak_moscu.png"
"Premier Liga de Rusia";"Zenit";"real";"logos/russian-premier-league/zenit.png"
"Scottish Premiership";"Aberdeen";"real";"logos/scottish-premiership/aberdeen.png"
"Scottish Premiership";"Celtic";"real";"logos/scottish-premiership/celtic.png"
"Scottish Premiership";"Dundee FC";"real";"logos/scottish-premiership/dundee_fc.png"
"Scottish Premiership";"Dundee United";"real";"logos/scottish-premiership/dundee_united.png"
"Scottish Premiership";"Falkirk";"real";"logos/scottish-premiership/falkirk.png"
"Scottish Premiership";"Heart of Midlothian";"real";"logos/scottish-premiership/heart_of_midlothian.png"
"Scottish Premiership";"Hibernian";"real";"logos/scottish-premiership/hibernian.png"
"Scottish Premiership";"Kilmarnock";"real";"logos/scottish-premiership/kilmarnock.png"
"Scottish Premiership";"Livingston";"generado";""
"Scottish Premiership";"Motherwell";"real";"logos/scottish-premiership/motherwell.png"
"Scottish Premiership";"Rangers";"real";"logos/scottish-premiership/rangers.png"
"Scottish Premiership";"St Mirren";"real";"logos/scottish-premiership/st_mirren.png"
"Belgian Pro League";"RSC Anderlecht";"real";"logos/jupiler-pro-league/anderlecht.png"
"Belgian Pro League";"Royal Antwerp FC";"real";"logos/jupiler-pro-league/royal_antwerp.png"
"Belgian Pro League";"Cercle Brugge";"real";"logos/jupiler-pro-league/cerclebrugge.png"
"Belgian Pro League";"Sporting Charleroi";"real";"logos/jupiler-pro-league/charleroi.png"
"Belgian Pro League";"Club Brugge";"real";"logos/jupiler-pro-league/clubbrujas.png"
"Belgian Pro League";"FCV Dender";"generado";""
"Belgian Pro League";"KAA Gent";"real";"logos/jupiler-pro-league/gent.png"
"Belgian Pro League";"KRC Genk";"real";"logos/jupiler-pro-league/genk.png"
"Belgian Pro League";"RAAL La Louvière";"real";"logos/jupiler-pro-league/raal.png"
"Belgian Pro League";"KV Mechelen";"real";"logos/jupiler-pro-league/mechelen.png"
"Belgian Pro League";"OH Leuven";"real";"logos/jupiler-pro-league/leuven.png"
"Belgian Pro League";"Sint-Truiden";"real";"logos/jupiler-pro-league/sint-truidense.png"
"Belgian Pro League";"Standard de Lieja";"real";"logos/jupiler-pro-league/standard_lieja.png"
"Belgian Pro League";"Union Saint-Gilloise";"real";"logos/jupiler-pro-league/union_saint_gilloise.png"
"Belgian Pro League";"KVC Westerlo";"real";"logos/jupiler-pro-league/westerlo.png"
"Belgian Pro League";"SV Zulte Waregem";"real";"logos/jupiler-pro-league/zulte.png"
"Swiss Super League";"FC Basilea";"generado";""
"Swiss Super League";"Grasshopper Club";"generado";""
"Swiss Super League";"FC Lausanne-Sport";"generado";""
"Swiss Super League";"FC Lugano";"generado";""
"Swiss Super League";"FC Luzern";"generado";""
"Swiss Super League";"FC Sion";"generado";""
"Swiss Super League";"FC St. Gallen";"generado";""
"Swiss Super League";"FC Thun";"generado";""
"Swiss Super League";"FC Winterthur";"generado";""
"Swiss Super League";"FC Zúrich";"generado";""
"Swiss Super League";"Servette FC";"generado";""
"Swiss Super League";"BSC Young Boys";"generado";""
"Österreichische Bundesliga";"SCR Altach";"generado";""
"Österreichische Bundesliga";"FK Austria Viena";"generado";""
"Österreichische Bundesliga";"SK Austria Klagenfurt";"generado";""
"Österreichische Bundesliga";"FC Blau-Weiß Linz";"generado";""
"Österreichische Bundesliga";"Grazer AK";"generado";""
"Österreichische Bundesliga";"TSV Hartberg";"generado";""
"Österreichische Bundesliga";"LASK";"generado";""
"Österreichische Bundesliga";"SK Rapid Viena";"generado";""
"Österreichische Bundesliga";"SV Ried";"generado";""
"Österreichische Bundesliga";"FC Red Bull Salzburg";"generado";""
"Österreichische Bundesliga";"SK Sturm Graz";"generado";""
"Österreichische Bundesliga";"Wolfsberger AC";"generado";""
"Eliteserien";"FK Bodø/Glimt";"generado";""
"Eliteserien";"SK Brann";"generado";""
"Eliteserien";"Bryne FK";"generado";""
"Eliteserien";"Fredrikstad FK";"generado";""
"Eliteserien";"FK Haugesund";"generado";""
"Eliteserien";"Hamarkameratene";"generado";""
"Eliteserien";"KFUM Oslo";"generado";""
"Eliteserien";"Kristiansund BK";"generado";""
"Eliteserien";"Molde FK";"generado";""
"Eliteserien";"Rosenborg BK";"generado";""
"Eliteserien";"Sandefjord Fotball";"generado";""
"Eliteserien";"Sarpsborg 08";"generado";""
"Eliteserien";"Strømsgodset IF";"generado";""
"Eliteserien";"Tromsø IL";"generado";""
"Eliteserien";"Vålerenga Fotball";"generado";""
"Eliteserien";"Viking FK";"generado";""
"Superligaen";"AaB Aalborg";"generado";""
"Superligaen";"AGF Aarhus";"generado";""
"Superligaen";"Brøndby IF";"generado";""
"Superligaen";"FC Copenhague";"generado";""
"Superligaen";"FC Midtjylland";"generado";""
"Superligaen";"FC Nordsjælland";"generado";""
"Superligaen";"Odense Boldklub";"generado";""
"Superligaen";"Randers FC";"generado";""
"Superligaen";"Silkeborg IF";"generado";""
"Superligaen";"SønderjyskE";"generado";""
"Superligaen";"Vejle Boldklub";"generado";""
"Superligaen";"Viborg FF";"generado";""
"Allsvenskan";"AIK";"generado";""
"Allsvenskan";"Brommapojkarna";"generado";""
"Allsvenskan";"Degerfors IF";"generado";""
"Allsvenskan";"Djurgårdens IF";"generado";""
"Allsvenskan";"IF Elfsborg";"generado";""
"Allsvenskan";"GAIS";"generado";""
"Allsvenskan";"IFK Göteborg";"generado";""
"Allsvenskan";"BK Häcken";"generado";""
"Allsvenskan";"Halmstads BK";"generado";""
"Allsvenskan";"Hammarby IF";"generado";""
"Allsvenskan";"Malmö FF";"generado";""
"Allsvenskan";"Mjällby AIF";"generado";""
"Allsvenskan";"IFK Norrköping";"generado";""
"Allsvenskan";"IK Sirius";"generado";""
"Allsvenskan";"IFK Värnamo";"generado";""
"Allsvenskan";"Östers IF";"generado";""
"Ekstraklasa";"Arka Gdynia";"generado";""
"Ekstraklasa";"Bruk-Bet Termalica";"generado";""
"Ekstraklasa";"Cracovia";"generado";""
"Ekstraklasa";"GKS Katowice";"generado";""
"Ekstraklasa";"Górnik Zabrze";"generado";""
"Ekstraklasa";"Jagiellonia Bialystok";"generado";""
"Ekstraklasa";"Korona Kielce";"generado";""
"Ekstraklasa";"Lech Poznan";"generado";""
"Ekstraklasa";"Lechia Gdansk";"generado";""
"Ekstraklasa";"Legia Warszawa";"generado";""
"Ekstraklasa";"Motor Lublin";"generado";""
"Ekstraklasa";"Piast Gliwice";"generado";""
"Ekstraklasa";"Pogon Szczecin";"generado";""
"Ekstraklasa";"Radomiak Radom";"generado";""
"Ekstraklasa";"Rakow Czestochowa";"generado";""
"Ekstraklasa";"Widzew Lodz";"generado";""
"Ekstraklasa";"Wisla Plock";"generado";""
"Ekstraklasa";"Zaglebie Lubin";"generado";""
"HNL";"Dinamo Zagreb";"generado";""
"HNL";"Hajduk Split";"generado";""
"HNL";"HNK Rijeka";"generado";""
"HNL";"NK Osijek";"generado";""
"HNL";"NK Slaven Belupo";"generado";""
"HNL";"NK Varazdin";"generado";""
"HNL";"NK Lokomotiva";"generado";""
"HNL";"NK Istra 1961";"generado";""
"HNL";"HNK Gorica";"generado";""
"HNL";"NK Vukovar 1991";"generado";""
"Superliga de Serbia";"Estrella Roja de Belgrado";"generado";""
"Superliga de Serbia";"Partizan de Belgrado";"generado";""
"Superliga de Serbia";"FK Vojvodina";"generado";""
"Superliga de Serbia";"TSC Backa Topola";"generado";""
"Superliga de Serbia";"FK Cukaricki";"generado";""
"Superliga de Serbia";"Radnicki 1923";"generado";""
"Superliga de Serbia";"FK Radnicki Nis";"generado";""
"Superliga de Serbia";"FK Napredak";"generado";""
"Superliga de Serbia";"FK Javor Ivanjica";"generado";""
"Superliga de Serbia";"FK Spartak Subotica";"generado";""
"Superliga de Serbia";"FK IMT Belgrado";"generado";""
"Superliga de Serbia";"FK Mladost Lucani";"generado";""
"Superliga de Serbia";"FK Radnik Surdulica";"generado";""
"Superliga de Serbia";"OFK Beograd";"generado";""
"Superliga de Serbia";"FK Zeleznicar Pancevo";"generado";""
"Superliga de Serbia";"FK Novi Pazar";"generado";""
"NB I";"Debreceni VSC";"generado";""
"NB I";"Diósgyőri VTK";"generado";""
"NB I";"Ferencvárosi TC";"generado";""
"NB I";"Kazincbarcikai SC";"generado";""
"NB I";"Kisvárda FC";"generado";""
"NB I";"MTK Budapest";"generado";""
"NB I";"Nyíregyháza Spartacus";"generado";""
"NB I";"Paksi FC";"generado";""
"NB I";"Puskás Akadémia";"generado";""
"NB I";"Újpest FC";"generado";""
"NB I";"Fehérvár FC";"generado";""
"NB I";"Zalaegerszegi TE";"generado";""
"J1 League";"Albirex Niigata";"real";"logos/j-league/albirex_niigata.png"
"J1 League";"Avispa Fukuoka";"real";"logos/j-league/avispa_fukuoka.png"
"J1 League";"Cerezo Osaka";"real";"logos/j-league/cerezo_osaka.png"
"J1 League";"FC Tokyo";"real";"logos/j-league/fc_tokyo.png"
"J1 League";"Fagiano Okayama";"real";"logos/j-league/fagiano_okayama.png"
"J1 League";"Gamba Osaka";"real";"logos/j-league/gamba_osaka.png"
"J1 League";"Kashima Antlers";"real";"logos/j-league/kashima_antlers.png"
"J1 League";"Kashiwa Reysol";"real";"logos/j-league/kashiwa_reysol.png"
"J1 League";"Kawasaki Frontale";"real";"logos/j-league/kawasaki.png"
"J1 League";"Kyoto Sanga";"real";"logos/j-league/kyoto_sanga.png"
"J1 League";"Machida Zelvia";"real";"logos/j-league/machida_zelviaÔÇï.png"
"J1 League";"Nagoya Grampus";"real";"logos/j-league/nagoya_grampus.png"
"J1 League";"Sanfrecce Hiroshima";"real";"logos/j-league/sanfrecce.png"
"J1 League";"Shimizu S-Pulse";"real";"logos/j-league/shimizu.png"
"J1 League";"Shonan Bellmare";"real";"logos/j-league/shonan.png"
"J1 League";"Tokyo Verdy";"real";"logos/j-league/tokyo_verdy.png"
"J1 League";"Urawa Red Diamonds";"real";"logos/j-league/urawa.png"
"J1 League";"Vissel Kobe";"real";"logos/j-league/vissel.png"
"J1 League";"Yokohama F. Marinos";"real";"logos/j-league/yokohama_fc.png"
"J1 League";"Yokohama FC";"real";"logos/j-league/yokohama.png"
"K League 1";"FC Anyang";"generado";""
"K League 1";"Daegu FC";"generado";""
"K League 1";"Daejeon Hana Citizen";"generado";""
"K League 1";"Gangwon FC";"generado";""
"K League 1";"Gimcheon Sangmu";"generado";""
"K League 1";"Gwangju FC";"generado";""
"K League 1";"Jeju SK";"generado";""
"K League 1";"Jeonbuk Hyundai Motors";"generado";""
"K League 1";"Pohang Steelers";"generado";""
"K League 1";"FC Seoul";"generado";""
"K League 1";"Suwon FC";"generado";""
"K League 1";"Ulsan HD";"generado";""
"A-League Men";"Adelaide United";"generado";""
"A-League Men";"Auckland FC";"generado";""
"A-League Men";"Brisbane Roar";"generado";""
"A-League Men";"Central Coast Mariners";"generado";""
"A-League Men";"Macarthur FC";"generado";""
"A-League Men";"Melbourne City";"generado";""
"A-League Men";"Melbourne Victory";"generado";""
"A-League Men";"Newcastle Jets";"generado";""
"A-League Men";"Perth Glory";"generado";""
"A-League Men";"Sydney FC";"generado";""
"A-League Men";"Wellington Phoenix";"generado";""
"A-League Men";"Western Sydney Wanderers";"generado";""
"A-League Men";"Western United";"generado";""
"Chinese Super League";"Beijing Guoan";"real";"logos/chinese-superligue/beijing_guoan.png"
"Chinese Super League";"Changchun Yatai";"real";"logos/chinese-superligue/changchun_yatai.png"
"Chinese Super League";"Chengdu Rongcheng";"real";"logos/chinese-superligue/chengdu_rongcheng.png"
"Chinese Super League";"Dalian Yingbo";"real";"logos/chinese-superligue/dalian_yingbo.png"
"Chinese Super League";"Henan FC";"real";"logos/chinese-superligue/henan_jianye.png"
"Chinese Super League";"Meizhou Hakka";"real";"logos/chinese-superligue/meizhou_hakka.png"
"Chinese Super League";"Qingdao Hainiu";"real";"logos/chinese-superligue/qingdao_huanghai.png"
"Chinese Super League";"Qingdao West Coast";"real";"logos/chinese-superligue/qingdao_qest_coast.png"
"Chinese Super League";"Shandong Taishan";"real";"logos/chinese-superligue/shandong_luneng.png"
"Chinese Super League";"Shanghai Port";"real";"logos/chinese-superligue/shanghai_port.png"
"Chinese Super League";"Shanghai Shenhua";"real";"logos/chinese-superligue/shanghai_shenhua.png"
"Chinese Super League";"Shenzhen Peng City";"generado";""
"Chinese Super League";"Tianjin Jinmen Tiger";"real";"logos/chinese-superligue/tianjin_jinmen_tiger.png"
"Chinese Super League";"Wuhan Three Towns";"real";"logos/chinese-superligue/wuhan_three_towns.png"
"Chinese Super League";"Yunnan Yukun";"real";"logos/chinese-superligue/yunnan_yukun.png"
"Chinese Super League";"Zhejiang FC";"real";"logos/chinese-superligue/zhejiang.png"
"Betway Premiership";"AmaZulu FC";"generado";""
"Betway Premiership";"Cape Town City";"generado";""
"Betway Premiership";"Chippa United";"generado";""
"Betway Premiership";"Golden Arrows";"generado";""
"Betway Premiership";"Kaizer Chiefs";"generado";""
"Betway Premiership";"Magesi FC";"generado";""
"Betway Premiership";"Mamelodi Sundowns";"generado";""
"Betway Premiership";"Marumo Gallants";"generado";""
"Betway Premiership";"Orlando Pirates";"generado";""
"Betway Premiership";"Polokwane City";"generado";""
"Betway Premiership";"Richards Bay FC";"generado";""
"Betway Premiership";"Royal AM";"generado";""
"Betway Premiership";"Sekhukhune United";"generado";""
"Betway Premiership";"Stellenbosch FC";"generado";""
"Betway Premiership";"SuperSport United";"generado";""
"Betway Premiership";"TS Galaxy";"generado";""
"Botola Pro";"Chabab Mohammédia";"generado";""
"Botola Pro";"COD Meknès";"generado";""
"Botola Pro";"FAR Rabat";"generado";""
"Botola Pro";"Hassania Agadir";"generado";""
"Botola Pro";"Ittihad Tanger";"generado";""
"Botola Pro";"JS Soualem";"generado";""
"Botola Pro";"Kawkab Marrakech";"generado";""
"Botola Pro";"Maghreb de Fès";"generado";""
"Botola Pro";"MA Tétouan";"generado";""
"Botola Pro";"Olympic Safi";"generado";""
"Botola Pro";"Olympique Dcheira";"generado";""
"Botola Pro";"Raja Casablanca";"generado";""
"Botola Pro";"Renaissance Zemamra";"generado";""
"Botola Pro";"RS Berkane";"generado";""
"Botola Pro";"Union Touarga";"generado";""
"Botola Pro";"Wydad Casablanca";"generado";""
"Egyptian Premier League";"Al Ahly";"generado";""
"Egyptian Premier League";"Al Ittihad Alexandria";"generado";""
"Egyptian Premier League";"Al Masry";"generado";""
"Egyptian Premier League";"Baladiyat El Mahalla";"generado";""
"Egyptian Premier League";"Ceramica Cleopatra";"generado";""
"Egyptian Premier League";"El Gouna";"generado";""
"Egyptian Premier League";"ENPPI";"generado";""
"Egyptian Premier League";"Ismaily";"generado";""
"Egyptian Premier League";"Modern Future";"generado";""
"Egyptian Premier League";"National Bank of Egypt";"generado";""
"Egyptian Premier League";"Petrojet";"generado";""
"Egyptian Premier League";"Pharco FC";"generado";""
"Egyptian Premier League";"Pyramids FC";"generado";""
"Egyptian Premier League";"Smouha";"generado";""
"Egyptian Premier League";"Tala'ea El Gaish";"generado";""
"Egyptian Premier League";"Wadi Degla";"generado";""
"Egyptian Premier League";"ZED FC";"generado";""
"Egyptian Premier League";"Zamalek";"generado";""
"Resto de CONCACAF";"Deportivo Saprissa";"generado";""
"Resto de CONCACAF";"LD Alajuelense";"generado";""
"Resto de CONCACAF";"CS Herediano";"generado";""
"Resto de CONCACAF";"CS Cartaginés";"generado";""
"Resto de CONCACAF";"CD Olimpia";"generado";""
"Resto de CONCACAF";"FC Motagua";"generado";""
"Resto de CONCACAF";"Real España";"generado";""
"Resto de CONCACAF";"CD Marathón";"generado";""
"Resto de CONCACAF";"Comunicaciones FC";"generado";""
"Resto de CONCACAF";"CSD Municipal";"generado";""
"Resto de CONCACAF";"Antigua GFC";"generado";""
"Resto de CONCACAF";"Xelajú MC";"generado";""
"Resto de CONCACAF";"Tauro FC";"generado";""
"Resto de CONCACAF";"CA Independiente de La Chorrera";"generado";""
"Resto de CONCACAF";"Alianza FC El Salvador";"generado";""
"Resto de CONCACAF";"Cavalier SC";"generado";""
"Resto de AFC";"Al Ain FC";"generado";""
"Resto de AFC";"Shabab Al Ahli";"generado";""
"Resto de AFC";"Al Wasl";"generado";""
"Resto de AFC";"Sharjah FC";"generado";""
"Resto de AFC";"Persepolis";"generado";""
"Resto de AFC";"Esteghlal";"generado";""
"Resto de AFC";"Sepahan";"generado";""
"Resto de AFC";"Tractor SC";"generado";""
"Resto de AFC";"Pakhtakor Tashkent";"generado";""
"Resto de AFC";"Nasaf Qarshi";"generado";""
"Resto de AFC";"Al Sadd";"generado";""
"Resto de AFC";"Al Duhail";"generado";""
"Resto de AFC";"Buriram United";"generado";""
"Resto de AFC";"BG Pathum United";"generado";""
"Resto de AFC";"Al Quwa Al Jawiya";"generado";""
"Resto de AFC";"Johor Darul Ta'zim";"generado";""
"Resto de CAF";"Espérance de Túnez";"generado";""
"Resto de CAF";"Étoile du Sahel";"generado";""
"Resto de CAF";"Club Africain";"generado";""
"Resto de CAF";"CS Sfaxien";"generado";""
"Resto de CAF";"TP Mazembe";"generado";""
"Resto de CAF";"AS Vita Club";"generado";""
"Resto de CAF";"CR Belouizdad";"generado";""
"Resto de CAF";"MC Alger";"generado";""
"Resto de CAF";"JS Kabylie";"generado";""
"Resto de CAF";"Asante Kotoko";"generado";""
"Resto de CAF";"Hearts of Oak";"generado";""
"Resto de CAF";"Enyimba FC";"generado";""
"Resto de CAF";"Rivers United";"generado";""
"Resto de CAF";"Coton Sport";"generado";""
"Resto de CAF";"Petro de Luanda";"generado";""
"Resto de CAF";"Simba SC";"generado";""
"Resto de OFC";"Auckland City FC";"generado";""
"Resto de OFC";"Wellington Olympic";"generado";""
"Resto de OFC";"Bay Olympic";"generado";""
"Resto de OFC";"Birkenhead United";"generado";""
"Resto de OFC";"Christchurch United";"generado";""
"Resto de OFC";"AS Pirae";"generado";""
"Resto de OFC";"Hienghène Sport";"generado";""
"Resto de OFC";"Solomon Warriors";"generado";""